 

 

 

 

 

JOHAN VIRGIN johan.virgin@tele2.se

Patrik Wiss patrik.wiss@bredband.net
Magnus Vistrém magnus.vistrom@iname.com
Josef Vock Josef. vock@gmail.com
Heiko Voges heiko.voges@hotmail.com

 

Anders Wollmén

anders.wollmen@kiruna.se

 

Anders Volmerdal

anders.volmerdal@telia.com

 

Mikael von Melsted

mikael.melsted@telia.com

 

 

 

 

 

Jakob Vrang jakob.vrang@sectra.se
Andreas Wrangsj6 awrangsjo@gmail.com
Linus Wretblad linus@uppdragshuset.se
Emma Wretsater emma.wretsater@gmail.com
Olle Wulff olle.wulff@hotmail.com

 

Erik Bror Gunnar Wanstr6m

eka_w@gmail.com

 

Thomas Warme

thowa091@student.liu.se

 

Tamara Yung

tamyu964@gmail.com

 

Martin Zachrisson

zac@cyberzac.se

 

Joakim Zakrisson

zachrissonjoakim@gmail.com

 

Franco Zanetti

fzanetti@gmail.com

 

Kristina Zetterberg

kristina.zetterberg@gmail.com

 

Carin Zetterqvist

carin.zetterqvist@gmail.com

 

Anders Aberg

andab398@gmail.com

 

 

 

 

Kent Aberg kent.aberg@newformat.se
Dennis Aberg Skender denabeske@gmail.com
Linus Akerblad linus.akerblad@gmail.com
Per Akerlund per.akerlund@gmail.com

 

Christer Akesson

christer@eknaes.se

 

Per-Goran Akesson

p-g@boremail.com

 

Thobias Alund

thobias@alund.net

 

 

 

 

 

Jonas Aman sportkork@gmail.com

Peter Arebo peter.arebo@telia.com
Richard As richard.aas@saabgroup.com
Mats Asberg mats.asberg@ericsson.com
Asa Asund asa.asund@gmail.com

 

Anders Odlund

anders@odlund.se

 

Svante Carl-Michael Odman

svante.odman@telia.com

 

Anders Odmark

ao@aobw.se

 

Kristoffer Ofjall

okriof@gmail.com

 

Andreas Ohlin

andoh919@student.liu.se

 

Mikael Oijerholm

mikael.oijerholm@gmail.com

 

Erik Olund

erik.ohlund@home.se

 

Patrik Onnegren

patrik_onnegren@hotmail.com

 

Sara Orn Tengstrand

orn.sara@gmail.com

 

Gunnar Ostberg

gunnar@enskede.nu

 

Michael Oster

michael.oster@home.se

 

Carl Osterberg

carl.s.osterberg@gmail.com

 

Anders Ostgaard

anders.ostgaard@gmail.com

 

 

Christian Ostman

 

ostman.christian@gmail.com

 

 

 
 

Frida Westermark

frida@westermark.se

 

Orjan Vestgéte

orjan.vestgote@gmail.com

 

Lennart Vestin

lennart.vestin@bredband.net

 

Carl-Fredrik Westin

westin@bwh.harvard.edu

 

Fredrik Westin

ptfwestin@yahoo.com

 

Jan Vestlund

jan.westlund@live.se

 

Anna Wesilund

anna.lindahl@gmail.com

 

Johan Vestman

j.vestman@gmail.com

 

Johan Westman

westman_johan@hotmail.com

 

Charlie Westrin

charlie.westrin@gmail.com

 

Marie Westrin

marie.westrin@telia.com

 

 

 

 

 

 

 

Erik Westring erik.westring@gmail.com
Bjorn Westr6m bjowes@qmail.com

Hans Wibeck hans.wibeck@telia.com
Peter Viberg peter@syntrans.se
Andreas Viborg andreas.viborg@gmail.com
Bjorn Widén bjorn.widen@gmail.com
Lena Vidin lena.vidin@tyrens.se

 

Stefan Widing

stefan.widing@gmail.com

 

Johan Vidinghoff

johan.vidinghoff@comhem.se

 

Thomas Widlund

 

Mats Widmark

mats.widmark@gmail.com

 

 

 

 

 

 

Fredrik Wigh frewi035@gmail.com
Mikael Wigle mikael@wigle.se

Roger Vigren roger@wigrens.net
Joakim Wihlsson joakim@wihlsson.se
Andreas Wiik andreaswiik@hotmail.com
Lukas Vik krukas.spik@gmail.com

 

Susanna Wiker

susanna.wiker@gmail.com

 

Jonas Wiklander

jonas.wiklander@gmail.com

 

Jonas Wiklander

jonas.wiklander@hotmail.com

 

Herman Viklund

herman.viklund@gmail.com

 

 

 

 

 

 

 

 

Anders Wiklund awiklund@gmail.com
Anders Wiklund anders.j.viklund@telia.com
Daniel Wiklund wiik@lysator.liu.se

Eric Wiklund eric.wiklund@gmail.com
Henrik Wiklund henwik@gmail.com
INGELA WIKLUND ingela.wiklund@liu.se

Per Wiklund per.wiklund@bonetmail.com
Asa Wiklund wiklund.asa@gmail.com

 

Anders Vikstrom

andwik@gqmail.com

 

Tomas Wilhelmsson

towil@towil.net

 

Emma Villemoes

emma.villemoes@gmail.com

 

 

 

 

 

 

Mats Willmer mats.willmer@bredband.net
Olof Wilsson olof.wilsson@gmail.com

Ulf Winberg ulfwin@gmail.com

Hans Vind hans.vind@arris.com

Mats Vindefjard mats@vindefjard.se

David Winda david.winda@gmail.com

 

Birgitta Wingqvist

birgitta.w@gmail.com

 

Gustaf Winroth

guswi241@student.liu.se

 

Gunnar Winter

gunnarwinter80@gmail.com

 

Robert Wintersteller

robert.wintersteller@bettingoromotion.com

 

Peter Wintoft

peter@lund.irf.se

 

Par Winzell

par.winzell@alyx.com

 

 

Marcus Wirebrand

 

marcus.wirebrand@gmail.com

 

 
 

Jan Térnblom

janto775@student.liu.se

 

Martin Tornquist

martin.tornquist@gmail.com

 

 

 

 

Oskar Tdornqvist oskar.tornqvist@gmail.com
Svante Toyra svante.toyra@telia.com
Niclas Uggla niclas.uggla@telia.com
Peter Uhlin peter_uhlin@hotmail.com

 

Roger Uhrberg

rub@emf.liu.se

 

Christian Ulman

christian@ulman.se

 

Ulrika Unell

ulrikaunell@gmail.com

 

Mikael Unge

mikael.unge@gmail.com

 

Conrad Wahlén

conrad.wahlen@gmail.com

 

Martin Wahlstect

martin.wahistedt@gmail.com

 

Johan Wahlstr6m

johan.erik.wahlstrom@gmail.com

 

JONS EMIL WAHLSTROM

jonswahlstrom@localnet.net

 

Niklas Wahlstr6om

niklas.wahlstrom@gmail.com

 

Stina Vahnstrom

stina.wahnstrom@gmail.com

 

 

 

 

Christoffer Valgren christoffer_wahlgren@hotmail.com
Peter Walhagen peter.walhagen@gmail.com
Andreas Vall vall.andreas@gmail.com

Ola Wall ola.wall@arm.com

 

Kenth Wallberg

kenth.wallberg@yahoo.se

 

Magnus Wallblom

mw@sectra.se

 

Emanuel Walldén Viklund

emanuel.w.viklund@gmail.com

 

Bjorn Walleback

bjorn@walleback.se

 

Peter Walleback

peter.walleback@gmail.com

 

Johanna Wallén

johanna@isy.liu.se

 

 

 

 

 

Mikaela Waller mikaela.waller@gmail.com

Claes Wallin alumni@clacke.user.lysator.liu.se
ERIK WALLIN erik.k.|.wallin@gmail.com

Fredrik Wallin fwallin@yahoo.com

Lars Wallin lars.c.wallin@telia.com

 

Joakim Wangmar

joakim.wangmar@gmail.com

 

Cecilia Wanhainen

cizi@idrottstranaren.org

 

Jan Wass

jan@jwass.se

 

Henrik Wassén

henrik.wassen@gmail.com

 

Tommy Waszkiewicz

tommy.waszkiewicz@telia.com

 

Bjorn Wedell

bjorn@wedell.se

 

Ellinor Wedell

ellinor.w@gmail.com

 

Stefan Wedell

stefan.wedell@gmail.com

 

Jonas Vedholm

jonas.vedholm@se.transport.bombardier.com

 

 

 

 

Bo Wegelid bo@wegelid.se

Per Wehlin per.wehlin@bredband.net
Gustaf Weibull gustaf.weibull@gmail.com
Erik Welander erik.welander@gmail.com

 

Markus Welander

marwe772@gmail.com

 

Bertil Weman

bertil weman@gmail.com

 

Helge Weman

helge.weman@iet.ntnu.no

 

Lars Wennergren

wennergren.gros@telia.com

 

Magnus Wennerholm

magnus.wennerholn@comhem.se

 

Oskar Werner

oskwe224@student.liu.se

 

Erik Wernholt

erik@wernholt.se

 

Daniel Westberg

daniel.westberg@gmail.com

 

Carl-Johan Westelius

cj.westelius@gmail.com

 

Mark Vesterbacka

markv@isy.liu.se

 

Jan Westerling

jan.westerling@emerson.com

 

 

Magnus Vesterlund

 

vesterlund73@gmail.com

 

 

 
 

Leif Séderstr6m

leif@accuratium.se

 

Marcus Sdderstr6m

marcus.soderstrom@learningwell.se

 

 

 

 

Johan Sorlin johan.sorlin@sigma.se
Rasmus Tammia rasmus.tammia@gmail.com
Tandberg Tandberg

Sofie Tapper softa994@student.liu.se

 

Eleonore Taube

eleonore.taube@gmail.com

 

Stefan Tellsén

tellsen@telia.com

 

Carl Tengstedt

carl_tengstedt@hotmail.com

 

Heikki Teri6

heikki.terio@karolinska.se

 

Lennart Thegel

lennart.thegel@telia.com

 

Jonas Thellman

jonas.thellman@gmail.com

 

LARS THEODORSSON

larthe@gmail.com

 

Erik Tholén

erik.tholen@home.se

 

Andreas Thomasson

andth243@gmail.com

 

Carl-Johan Thore

carl-johan.thore@liu.se

 

Hampus Thorell

hampus.thorell@home.se

 

Martin Thorén

martin@bilanalys.com

 

Annapia Thorin

annapia.johansson@gmail.com

 

Erik Thorin

rithon@gmail.com

 

Hakan Thorngren

hth@sickivp.se

 

Jan-Olof Thorsten

jan-olof.thorsten@kindamail.se

 

 

 

 

 

 

 

 

 

 

 

 

 

Peter Thulin Thulin. Peter@Gmail.com
Per-Arne Thunander p.thunander@hotmail.com
Per Thunberg per.thunberg@gmail.com

Per Thyr per.thyr@gmail.com

Henrik Tidefelt tidefelt@isy.liu.se

Lars Tidetorp lars.sjogren@oeb.se

Goran Tidstam goran.tidstam@telia.com
Hans Tiger hans.tiger@glocalnet.net
Emil Tirén emil.tiren@labgruppen.com
Anders Tisell andti965@gmail.com

Fredrik Tjernstr6m fredrik.tjarnstrom@gmail.com
Mats Tjader mats.tjader@gmail.com

Kam Hung To to.kamhung.hanz@gmail.com

 

Atahan Tolunay

atahan.tolunay@gmail.com

 

Viola Tomasson

viola.thomasson@gmail.com

 

Petter Torle

petter@torle.com

 

Johan Tornesel

joto@saabsystems.com.au

 

Marcus Torngrip

marcus.torngrip@gmail.com

 

Emil Torp

torp.emil@gmail.com

 

Johan Torstensson

johan.torstensson@aircom.co.uk

 

Lars Torstensson

larth58@yahoo.com

 

Anders Toverland

Anders@Toverland.se

 

Torbjérn Trelsmo

torbjorn@trelsmo.com

 

Mikael Trieb

mikael@trieb.se

 

Hakan Trulsson

hakan.trulsson@cgey.com

 

Michael Tulldahl

mictul@foi.se

 

Anders TunstrOmer

ateeec@hotmail.com

 

Jesper Turesson

jestu681@student.liu.se

 

 

Alexander Tuttle

alexander.tuttle@gmail.com

 

 

 

Klas Tybranat klas.tybrandt@gmail.com
Ola Tybrandt ola_tybbe@hotmail.com
Lars Tydén tyden@foi.se

 

Ivar Tangring

ivar.tangring@netatonce.net

 

Tomas Tauber

 

tomas.tauber@me.com

 

 
 

Mikael Sundberg

miksu@bredband.net

 

Patrik Sundberg

patrik.sundberg@gmail.com

 

Markus Sundbrandt

markus.sundbrandt@gmail.com

 

Helena Sundelin

helena.sundelin@smhi.se

 

Pia Sundh

pia.sundh@tele2.se

 

Sten Sundin

ssn@du.se

 

Bjorn Sundavist

sundavist.b@gmail.com

 

Dan Sundstr6m

sundstrom.dan@gmail.com

 

Erik Sundstr6ém

erik.sundstrom@fmv.se

 

Henrik Sundstr6ém

henrik.sundstrom55@bredband.net

 

Per Sundstrom

persu101@gmail.com

 

Timmy Sundstrom

tinmy@isy.liu.se

 

Erik Sundvall

erik@urgott.se

 

Anders Suomela

anders.suomela@tele2.se

 

Elisabeth Suzuki

suzukielisabeth@gmail.com

 

Bo Svangard

bobosv@gmail.com

 

Fredrik Swartling

fredrik_swartling@hotmail.com

 

Johanna Svebeus

johsv992@student.liu.se

 

Jan Svedevall

jansvedevall@hotmail.com

 

Sofia Svedevall

sofia@svedevall.se

 

Erik Svedmark

erik.svedmark@sqs-security.com

 

Per Svennerbrandt

per.svennerbrandt@gmail.com

 

Kristina Svenningsson

kristina@ledarcompagniet.se

 

Gustav Svensk

gussv666@student.liu.se

 

Andreas Svensson

andreas.se.svensson@gmail.com

 

Fredrik Svensson

fredrik.svensson@ericsson.com

 

Helena Svensson

helena.svensson@excite.com

 

Henrik Svensson

hensv676@student.liu.se

 

lars svensson

lasse@itautveckling.se

 

Lars Goran Svensson

Lars.Goran.Svensson@telia.com

 

NICLAS SVENSSON

niclas.svensson@yahoo.se

 

Ove Svensson

svensson.ove@gmail.com

 

Patrik Svensson

edbppss@hotmail.com

 

Roger E Svensson

roger.e.svensson@ericsson.com

 

Stefan Svensson

y93stesv2003@yahoo.se

 

Séren Svensson

sorsve@telia.com

 

Torkel Svensson

torsve@yahoo.se

 

Ulf Svensson

ulf.a.svensson@telia.com

 

Niklas Svenzén

niklas.svenzen@gmail.com

 

 

 

 

 

Carl Svard carl.svard@gmail.com

Hakan Svard hakan_svard123@hotmail.com
Mikael Svard mikael.svard@home.se
Thomas Svard tsvard@yahoo.se

Per Sydhoff per.sydhoff@ericsson.com

 

Eva Syversen

flimbees@gmail.com

 

Johan Safholm

safholn@gmail.com

 

Magnus Salg6

magnus.salgo@swedemail.se

 

Johan Sdderberg

johan.m.soderberg@gmail.com

 

Kristofer Séderhielm

KSoderhielm@gmail.com

 

Goran Séderholm

goran.soderholm@gmail.com

 

Sune Sdderkvist

sune.soderkvist@boremail.com

 

Ingemar Sdderlind

i.soderlind@telia.com

 

Mats Sdéderlindh

mats.soderlindh@polystar.com

 

Ingemar Sdderquist

ingemar_soderquist@telia.com

 

Ingrid Séderquist

ingrid.soderquist@saabgroup.com

 

 

 

Andreas Sdderstrom

 

andreas.soderstrom80@bredband.net

 

 
 

Therese Sjédén

therese.sjoden@nsf.scout.se

 

Robert Sjédin

robert.sjodin@gmail.com

 

Leif Sj6gren

leif.sjogren@vti.se

 

Sofia Sjogren

sofia.sjogren@gmail.com

 

Weronica Sjégren

weronicas@hotmail.com

 

Martin Sjékvist

martin.sjokvist@gmail.com

 

Niclas Sjékvist

niclas.sjoqvist@gmail.com

 

Ola Sjélund

ola.sjolund@telia.com

 

Staffan Sjéstedt

ohlsson.staffan@gmail.com

 

Par Sjéstrand

par.sjostrand@gmail.com

 

Fredrik Sjostr6m

fr.sjostrom@gmail.com

 

Lars Olof Sjéstr6m

linlasj@gmail.com

 

Marten Sjéstr6m

marten.sjostrom@miun.se

 

 

Kristoffer Sj66

kristoffer.sjao@gmail.com

 

Martin Skoglund

marsk584@student.liu.se

 

Rolf Skoglund

rolf@ideainvest.com

 

Pal Skogtjarn

pal.skogtjarn@gmail.com

 

Magnus Skoog

magnus.skoog@glocalnet.net

 

 

 

Erik Skdld skold.erik@gmail.com
Mattias Skéld mattias@foi.se
Sven Skdéld sven.a.skold@gmail.com

 

Magnus Slattengren

mange_k_83@hotmail.com

 

Peter Slattman

peter.slattman@gmail.com

 

 

 

Per Smeds per@smeds.se
Joar Sohl joar@sohl.se
Johanna Solli johanna.solli@home.se

 

Jonas Sporrong

Jonas.Sporrong@bnord.se

 

Wolfgang Staberg

familjen.staberg@hem.utfors.se

 

Henrik Stadler

henrik.stadler@gmail.com

 

Sven Stafstrom

sst@ifm.liu.se

 

Daniel Stahre

stahre.daniel@gmail.com

 

Johan Stake

falloraten@hotmail.com

 

Pelle Steen

fiskodlare@hotmail.com

 

Bengt-Goran Steiber

b-g@steiber.org

 

Anna Steimer

anna.steimer@gmail.com

 

Robert Steinvall

robert.steinvall@gmail.com

 

Tomas Stenarson

tomas.stenarson@gmail.com

 

Jane Stenberg

jane.stenberg.89@gmail.com

 

Leif Stenberg

leif.stenberg@telia.com

 

K-G Stenborg

kg.stenborg@gmail.com

 

Peter Steneteg

peter@steneteg.se

 

Stefan Stenmark

info@frendus.se

 

Ulf Sterner

ulfst@foi.se

 

Gunnar Stjernberg

gunnar@pegusys.se

 

Paul Stjernholm

stjernholm@tele2.se

 

Jan-Olov Stockhaus

janolov.stockhaus@spray.se

 

Johan Stridkvist

johan.stridkvist@gmail.com

 

gdte strindberg

strindberg@swipnet.se

 

Dag Stroman

dag.stroman@swipnet.se

 

Maud Strémberg Selin

maud.e.selin@gmail.com

 

Ola Stromfors

Ola.Stromfors@gmail.com

 

Lina Stuhr

lina.stuhr@gmail.com

 

Niclas Stahl

niclas.stahl@wanadoo.fr

 

OSKAR STAHL

oskar.stahl@gmail.com

 

Tuulia Suhonen

tuulia.suhonen@gmail.com

 

Mats Sundberg

 

mats.sundberg@rixmail.se

 

 
 

Daniel Rydstrom

daniel@rydstroms.com

 

Jonas Rylander

jonas@rylander.biz

 

Markus Rabe

markus.rabe@gmail.com

 

Knut Rahs

kr52@telia.com

 

Johan Rattvall

johan.rattvall@gmail.com

 

Bjorn Rédseth

bjorn.rodseth@gmail.com

 

Mats Rdjne

mail@teamsat.se

 

Martin Ronn

martin.ronn@contextvision.se

 

Elina ROnnberg

elinaronnberg@gmail.com

 

Oskar Roénnberg Sjédin

oskro798@student.liu.se

 

Anders R6énnbrant

andro@lysator.liu.se

 

Fredrik Saaf

fresa685@student.liu.se

 

Tony Saers

tony.saers@ericsson.com

 

Stefan Sahlestrém

stefan.sahlestroem@gmail.com

 

Mikael Salmén

miksep@gmail.com

 

Henrik Salomonsson

hensai06@gmail.com

 

Per Salomonsson

persalomon@gmail.com

 

Bjorn Salang

bjorn.salang@gmail.com

 

Anna Samuelsson

anna_s@finspong.com

 

Leif Samuelsson

le_sam@sonic.net

 

Martin Sandberg

martin_j_sandberg@hotmail.com

 

Pontus Sandberg

pontussandberg@gmail.com

 

Robert Sandberg

robsa577@gmail.com

 

Bengt Sandlund

bengt.sandlund@telia.com

 

Li Sandsveden

lisa459@student.liu.se

 

Meryem Savas

meryem.savas@gmail.com

 

Ulf Saxin

ulf.saxin@gmail.com

 

Jonas Schedin

jonpbe@gmail.com

 

Johan Scheer

scheer@telia.com

 

Anders Schenstrom

schenstr@msoe.edu

 

Maria Schmiterlow

maria.sch@gmail.com

 

Patrik Schnell

pasc@pascville.com

 

johan schultz

johsc674@student.liu.se

 

Maria Schultz

johan.schultz@bredband.net

 

Anders Schyberg

anders.schyberg@filoprocess.se

 

Sebastian Schygge

schygge@gmail.com

 

Thomas Schon

thomas@imath.se

 

Hans Segerberg

hans_segerberg@yahoo.se

 

Helena Sehammar

helena.sehammar@comhem.se

 

 

 

Hakan Sehammar

hakan.sehammar@tele2.se

 

Emil Selse

emil.selse@sickivp.se

 

Pernilla Selskog

pernilla.selskog@glocalnet.net

 

Bo E. Sernelius

bos@ifm.liu.se

 

Pedram Sheikh

Pedram.sheikh@gmail.com

 

 

 

 

Jan Siesj6 jan.siesjo@telia.com
Andreas Sievert andsi938@student.liu.se
Jenny Sigfridsson jenny.sigfridsson@yahoo.se
Georg Silber georg.silber@sqe.se

 

Marcus Silfver

olofsson.marcus@gmail.com

 

Maria Silfverblad

maria.silfverblad@live.se

 

Daniel Simon

daniel.simon@saabgroup.com

 

Martin Singull

martin.singull@liu.se

 

Klara Sinnerstad

klasi@hotmail.com

 

Sofia Sivertsson

sofiasi@kth.se

 

Christer Sjoberg

ch-sjo@sectra.se

 

Tommy Sjoblom

 

tommy.sjoblom@telia.com

 

 
 

Patric Palsson

palsson.patric@gmail.com

 

Johan Rahm

johan.ram@gmail.com

 

Kristina Rahm

kristina.rahm@gmail.com

 

Sofia Raismaa

sofia.raismaa@gmail.com

 

 

 

 

Reijo Rajala reijo.rajala@afconsult.com
Ola Ramén ola.ramen@ericsson.com
Niklas Ramstr6m dykankan@gqmail.com
Mats Ran mats.ran@gmail.com

 

Jonas Rangsj6

rangsjo@gmail.com

 

david ranner

ranner.david@gmail.com

 

Ulrika Rasmussen

ulrika.ahnstrom@gmail.com

 

Staffan Rattfalt

staffan.rattfalt@gmail.com

 

Karl Redbrandt

karl.redbrandt@gmail.com

 

Alexander Regamey

alexander_regamey@yahoo.se

 

Johan Regin

johan.regin@gmail.com

 

Tom Rehnstr6m

tom.rehnstrom@gmail.com

 

Ake Reinholtz

perake.reinholtz@gmail.com

 

Maria Reldin

maria.reldin@gmail.com

 

Lili Ren

lilre538@gmail.com

 

Thomas Reuterdahl

thomas.reuterdahl@outokumpu.com

 

Johan Rhodin

johan.rhodin@gmail.com

 

Hans Richert

hans.richert@euc-vgot.se

 

Carolin Riddersporre

carolin@birostris.com

 

Par Ringbo

p.ringbo@denso.se

 

Robert Risberg

risberg@myself.com

 

Kristoffer Roberg

kristoffer.roberg@gmail.com

 

Per-Ola Robertsson

peo.robertsson@gmail.com

 

Kristian Rockstr6m

kriro005@student.liu.se

 

Jacob Roll

jacob.roll@gmail.com

 

Stefan Roman

stefan.roman@telia.com

 

Christina Romberg

christina@romberg.nu

 

Stefan Romberg

stefan.romberg@telia.com

 

Thobias Romu

thobias.romu@gmail.com

 

Frida Rosander

frida.rosander@gmail.com

 

Hans Rosander

hans.j.rosander@gmail.com

 

Johannes Rosander

johannes.rosander@gmail.com

 

Per Rosander

per.rosander@semera.se

 

Peter Rosander

rosander@isy.liu.se

 

regina rosander

regina.rosander@gmail.com

 

Anna Rosén

anna.rosen@ericsson.com

 

Lena Rosén

bergavist.lena@gmail.com

 

Lars Erik Rosengren

larserik.rosengren@gmail.com

 

Madelen Rosenavist

madjo314@gmail.com

 

Olle Rosin

olle.rosin@ericsson.com

 

Anders Rosvall

anders.rosvall@embeddedartists.com

 

Shahin Rouhani

rouhani.shahin@gmail.com

 

 

 

 

 

 

Per Rowa per.rowa@provenio.se

Per Erik Ruberth per.erik.ruberth@prevas.se
Malin Rudin malru103@student.liu.se
Jakob Ruhe jakob.ruhe@gmail.com
Patrick Rundin patrick.rundin@gmail.com
Goran Rune goran.rune@gmail.com

 

Anders Runering

anders.runering@saab.se

 

Martin Runesson

maruQ@init.se

 

Karin Ryd

karin_ryd@yahoo.se

 

 

Nils Rydenfalk

 

nils.rydenfalk@gmail.com

 

 
 

Peter Pap de Pestény

petpa@telia.com

 

Anders Parmér

anders.parmer@gmail.com

 

Madeléne Parviainen

parvianenmj@gmail.com

 

Martin Peeker

martin.peeker@maquet.com

 

Peter Peldan

peter@peldan.com

 

Charlotta Pers

charlotta.pers@gmail.com

 

Anders Persson

anders.persson@swisslog-accalon.com

 

Emma Persson

emmpe781@gmail.com

 

Gun Persson

gunpe/706@telia.com

 

Henry Persson

henry_persson@yahoo.se

 

Hakan Persson

hapn2002@yahoo.com

 

Ingmar Persson

iplo@telia.com

 

lrene Persson

irene@forchheimer.se

 

Ivar Persson

ivar_persson@telia.com

 

Johan Persson

johan.gustav.persson@hotmail.com

 

Johan Persson

johan.persson@telia.com

 

Jorgen Persson

jorgen.m.persson@gmail.com

 

Katarina Persson

katpe134@yahoo.com

 

Martin Persson

martin.persson@saabgroup.com

 

Per Persson

per.persson@linpro.se

 

Roger Persson

B.Roger.persson@gmail.com

 

STEFAN PERSSON

Stefan.persson@foi.se

 

Tobias Persson

tobias.persson@hiq.se

 

Anne-Sofie Petersen

aspe@hdc.se

 

Kim Petersen

kim.petersen@hdc.se

 

Daniel Petersson

daniel.petersson81@gmail.com

 

Magnus Petersson

magnus.peterson@synective.se

 

Michael Petersson

michael.petersson@combitech.se

 

OLLE PETERSSON

ollpbe@hotmail.com

 

Per Olof Petersson

per.olof.pettersson@gmail.com

 

Sven Petersson

svepe338@gmail.com

 

Mats Peterstr6m

matspeterstrom@hotmail.com

 

Anders Pettersson

j-anders.pettersson@telia.com

 

Anders Pettersson

andojen@gmail.com

 

Bengt Pettersson

bengt.e.pettersson@gmail.com

 

Goran Pettersson

jonnab2gp@gmail.com

 

Goran Pettersson

goran.pettersson@autoliv.com

 

Hanna Pettersson

hanpe369@student.liu.se

 

Karl Pettersson

karl.pettersson@miun.se

 

KATARINA PETTERSSON

kpet@telia.com

 

Leif A.A. Pettersson

lottaleif@swipnet.se

 

Mattias Pettersson

mattias@maitpe.se

 

Par Pettersson

par_pettersson@msn.com

 

Robert Pettersson

rev958@gmail.com

 

STEFAN PETTERSSON

stepe@home.se

 

Tobias Pettersson

tobias.a.pettersson@gmail.com

 

Ulrika Pettersson

ulrpe243@gmail.com

 

Lars Pettersson Arman

lars@arman.se

 

Robert Pilemalm

robert.pilemalm@gmail.com

 

Viktor Pirard

viktor.pirard@gmail.com

 

Jonas Plantin

jonas.plantin@gmail.com

 

Patrik Polgar

pip@yaniro.se

 

Victor Pontusson

vicpo691@gmail.com

 

Alexander Poole

alex.o.p0ole@gmail.com

 

Brian Preston

brian@preston.se

 

 

Arne Prackel

 

praeco@telia.com

 

 

 
 

Mats Nordstr6ém

mats.e.nordstrom@astrazeneca.com

 

Magnus Norén

noren.magnus@gmail.com

 

Olof Norén

olono545@student.liu.se

 

Stein Norheim

stein.norheim@abc.se

 

Rikard Norman

rikard_norman@hotmail.com

 

Orjan Norrstig

fam.norrstig@telia.com

 

Christer Norstro6m

chrno621@student.liu.se

 

Roland Notstam

roland.notstam@telia.com

 

Joakim Notstrand

joakim.notstrand@telia.com

 

Mikael Nourtab

mikael.nourtab@telia.com

 

Agneta Novak

agneta.novak@ericsson.com

 

Peter Nyberg

petny@isy.liu.se

 

Henrik Nyblom

henrik.nyblom@gmail.com

 

Marten Nygren

marten.nygren@gmail.com

 

Mats Nygardhs

mats.nygardhs@sectec.se

 

Torbjorn Nyman

torbjorn.nyman@ericsson.com

 

STEFAN NYSTROM

 

Hakan Nasberg

hakan.nasberg@telia.com

 

Lars Naslund

lars.naslund@ericsson.com

 

David Nasstrom

d.nasstrom@gmail.com

 

Hans Odeberg

hans_odeberg@yahoo.com

 

Tobias Odensten

tobias.odensten@gmail.com

 

MARTIN ODENO

martin.odeno@gmail.com

 

christer Odmalm

christer.odmalm@telia.com

 

Henrik Ohlsson

henoh509@gmail.com

 

Christian Ohm

christian.ohm@cern.ch

 

Nicklas Ojakangas

nicklas.ojakangas@gmail.com

 

Niklas Ollesson

niklas@ollesson.se

 

erik olofsson

k.e.j.olofsson@gmail.com

 

Johannes Olofsson

johannes@strider.se

 

Jonatan Olofsson

jonatan.olofsson@gmail.com

 

Maria Olofsson

olofsson.m@gmail.com

 

Mikael Olofsson

mikael@nossfolo.se

 

Niten Olofsson

niteno@gmail.com

 

Annika Olsén

annika.thyselius@se.abb.com

 

 

 

 

 

 

Johan Olsén ulf.johan.olsen@gmail.com
Anders Olsson anders.erik.olsson@gmail.com
Carl Olsson fredrik.olsson@4gmedia.se
Christian Olsson c.olsson@hotmail.com

Erik Olsson eriol622@student.liu.se

Lars Olsson lars.olsson@saabgroup.com

 

Magnus Olsson

masmagnus@gmail.com

 

Markus Olsson

marol5b23@gmail.com

 

Martin Olsson

martin.a.olsson@live.se

 

Mats Olsson

mats.g.olsson@se.abb.com

 

Mattias Olsson

mattias.olsson@gmail.com

 

Rasmus Olsson

rasols@gmail.com

 

Rickard Olsson

rickard.olsson@lasernova.se

 

Torbjorn Olsson

torbjorn.olsson@baesystems.se

 

Ann Olsson Lagg

anni.lagg@gmail.com

 

 

 

Erold Oom erold.persson@bredband.net
Stig Ouvrier stig.ouvrier@teliasonera.com
Hakan Palm hakan.|.palm@ericsson.com

 

Marcus Palm

ingenjor@gmail.com

 

Mikael Palmgren

micke@pgren.com

 

 

Jan Palmkvist

 

palmkvist@spray.se

 

 
 

J Michael Nicholls

j.michael.nicholls@gmail.com

 

Thomas Niklasson

tniklasson@tele2.se

 

Lennart Nilhov

lennart@nilkom.se

 

Bo Nilsson

bonilsson@wirennilsson.se

 

Emil Nilsson

emil@jayjay.se

 

Fredrik Nilsson

freni126@student.liu.se

 

Fredrik Nilsson

freni@hotmail.com

 

Fredrik Nilsson

fredrik.nilsson@sickivp.se

 

Fredrik Nilsson

nilssoni982@gmail.com

 

HANS NILSSON

hansn.kiruna@telia.com

 

Henrik Nilsson

henrik.nilsson@home.se

 

Jesper Nilsson

jesni891@hotmail.com

 

Jonathan Nilsson

Lord. JoNil@gmail.com

 

Lars-ola Nilsson

physicist@gmx.ch

 

Magnus Nilsson

magnus.n.nilsson@ericsson.com

 

Malin Nilsson

malin.nilssons@home.se

 

Martin Nilsson

martin.civ@gmail.com

 

Martin Nilsson

marni283@gmail.com

 

Mats Nilsson

matsonilsson@spray.se

 

Mattias Nilsson

matni796@student.liu.se

 

Morgan Nilsson

morgan@lysator.liu.se

 

RICHARD NILSSON

drkalkyl@hotmail.com

 

Rickard Nilsson

ricnis06@gmail.com

 

Sanna Nilsson

sanni932@gqmail.com

 

Sverker Nilsson

sverker.nilsson@sncs.se

 

Thomas Nilsson

thomasn@privat.utfors.se

 

Urban Nilsson

urbni25@gmail.com

 

Robert Nissa Holmgren

rh@zup.se

 

Samuel Nissila Kallstr6m

samuelnk@gmail.com

 

Peter Nohira

peter.nohira@gmail.com

 

Claudia Nohigard

clano186@student.liu.se

 

Jhan Norberg

jhan.norberg@gmail.com

 

Johan Norberg

johnor11@gmail.com

 

Magnus Nord

magnus@noriba.se

 

Charlotte Nordahl

charlotte.nordahl@googlemail.com

 

Mattias Nordenberg

mattias@nordenberg.com

 

Magnus Nordenborg

magnus.nordenborg@gmail.com

 

jens Nordenmark

jens.nordenmark@byss.se

 

Daniel Nordgren

daniel.nordgren@gmail.com

 

CHRISTER NORDIN

cnordinsala@gmail.com

 

Ewa Nordin

ewa.nordin@telia.com

 

Erik Nordlander

erik_nordlander@spray.se

 

Lars Nordlander

lars@elnord.se

 

Mikael Nordlander

mikael@inresol.se

 

Staffan Nordlinder

staffan.nordlinder@acreo.se

 

Anders Nordlund

andno586@gmail.com

 

Per Nordlow

per.nordlow@gmail.com

 

Thomas Nordman

thomas.nordman@gmail

 

Anton Nordmark

anton.nordmark@gmail.com

 

Erling Nordmark

erling.nordmark@outlook.com

 

Ingrid Nordmark

ingrid.k.nordmark@outlook.com

 

Anders Nordner

anders.nordner@telia.com

 

Nils Nordqvist

nisse@bomgarden.se

 

Eric Nordstr6m

nordstrom.eric@gmail.com

 

Erik Nordstrom

nordstrom.erik@gmail.com

 

 

kjell nordstrom

 

 

 

 
 

Anders Malmberg

amalmberg@bredband.net

 

Ulrika Malmén

ulrika.malmen@gmail.com

 

Fredrik Malmgren

fredrik.t.malmgren@gmail.com

 

JAN MALMGREN

jan.malmgren@gmail.com

 

Markus Malmgren

markus.malmgren@gmail.com

 

Fredrik Malmsten

 

Richard Mannerbro

richard.mannerbro@gmail.com

 

Petter Mannerfelt

petter.mannerfeldt@ubisoft.com

 

Peter Markgren

Peter.Markgren@tieto.com

 

Eric Markne Lartén

eric.larten@gmail.com

 

Orjan Martelleur

orjan.martelleur@middec.se

 

Jan-Olof Martinsson

jo.martinsson@gmail.com

 

Mathias Martinsson

matma@isv.liu.se

 

Patrik Martinsson

patma570@gmail.com

 

Per Martinsson

per.o.martinsson@gmail.com

 

Oskar Matteusson

oskar.matteusson@gmail.com

 

Margareta Mattsson

margareta112@hotmail.com

 

Per Mattsson

per.mattsson@gmail.com

 

Michael Medin

michael.medin@telia.com

 

Martin Melin

martmelin@gmail.com

 

Erik Melkersson

erik.melkersson@gmail.com

 

Linus Mellberg

linus.mellberg@gmail.com

 

Rolf Mellberg

rolf.mellberg@gmail.com

 

Erik Mellstrom Byrenius

erik@byrenius.se

 

Johan Midbjer

johan.midbjer@gmail.com

 

Karin Midestad

k.ohlsson.ohman@gmail.com

 

Martin D Mileros

mileros@gmail.com

 

Mille Millnert

mille.millnert@liu.se

 

igor Milososki

milososki@gmail.com

 

Maxim Minerskjéld

maximm@passagen.se

 

Fredrik Mj6érning

fredrik@mijorning.se

 

Anders Modén

anders@tooltech-software.com

 

Cecilia Modorato

cecilia.modorato@ericsson.com

 

Jens Molin

jenmo534@gmail.com

 

Jesper Molin

jesper.molin@gmail.com

 

Christopher Mollén

chris.mollen@gmail.com

 

Carl Oscar Montelius

carl-oscar@montelius.se

 

Magnus Morin

magnus.morin@vsl.se

 

Mats Morling

mats.morling@telia.com

 

Thomas Morling

qsatmor@gmail.com

 

Helena Munsin

helena.munsin@3gw.se

 

Daniel Murdin

murdin@telia.com

 

Adis Murtic

adis.murtic@siemens.com

 

Axel Magnus Mansson

axel.magnus.mansson@home.se

 

Carl-Magnus Mansson

carl-magnus.mansson@ericsson.com

 

Per Martensson

per.martensson@pb1.se

 

Anna-Lena Martensson Gillberg

anna-lena@mer.se

 

Lena Martensson Lindblad

Lena.Lindblad@vnv.se

 

ANDREAS MOLLBERG

amollberg@gmail.com

 

Christian Nacke

christian.nacke@tele2.se

 

Elin Naeslund

elin.naeslund@gmail.com

 

Torbj6rn Nager

torbjorn@nager.net

 

Nils Nedfors

nilne432@gmail.com

 

Stefan Nemeth

fam_nemeth@yahoo.se

 

Van Nhu Nguyen

nguyen.van.nhu@vnmedia.se

 

 

Conny Nicander

 

conny.nicander@gmail.com

 

 
 

Patrik Lundberg

lundberg.kaln@home.se

 

Tomas Lundberg

b.o.tomas.lundberg@gmail.com

 

BJORN LUNDBLAD

bjorn.lundblad@bredband.net

 

David Lundell

david.m.lundell@gmail.com

 

Magnus Lundgren

magnus.reinhard@mail.bip.net

 

PER LUNDGREN

perlundgrensmail@gmail.com

 

Joachim Lundh

joachimlundh@gmail.com

 

Daniel Lundin

daniel.lundin@i8t.com

 

Henrik Lundkvist

henrikl@kth.se

 

Joella Lundkvist

joella.lundkvist@gmail.com

 

Karl-Johan Lundkvist

karljohan.lundkvist@gmail.com

 

Robert Lundmark

robert.lundmark@cybercomgroup.com

 

Per Lundquist

per.lundquist@me.com

 

Bjorn Lundavist

qvistlund@gmail.com

 

Emil Lundqvist

emil.lundqvist88@hotmail.com

 

Mikael Lundqvist

jonasmicke@gmail.com

 

Tobias Lundqvist

toblu024@gmail.com

 

Dag Lundstrom

dag.lundstrom@cpacsystems.se

 

Dennis Lundstr6ém

dennis.er.lundstrom@gmail.com

 

Jon Lundstrom

jon.lundstrom@4real.se

 

Tomas Lundstrom

tomme1982@gmail.com

 

 

 

Par Lund6é

par.lundo@gmail.com

 

THOMAS LUNNER

thomas.lunner@liu.se

 

Thomas Luvo

tom@samoht.se

 

Roland Lycksell

roland.lycksell@spray.se

 

Christian Lyzell

christian.lyzell@gmail.com

 

Patrik Lagermo

patrik.lagermo@mail.bip.net

 

Martin Langkvist

martin_langkvist@hotmail.com

 

Fredrik Lofgren

fredrik@amnitech.com

 

Isak Lofgren

isak.lofgren@xdin.com

 

Par Lofgren

parlofgren@gmail.com

 

Robin Léfgren

robinlovgren@gmail.com

 

Hakan Lofavist

hakan.lofqvist@bredband.net

 

Tomas Lofstrand

tomas.lofstrand@home.se

 

Elisabeth L6fsved

elilof@hotmail.com

 

Andreas L6fvenmark

andreas.lofwenmark@gmail.com

 

Peter Lofas

peter@lofas.se

 

Michael Logdlund

Michael.Logdilund@liu.se

 

Erika L6nnberg

erika.lonnberg@bredband.net

 

Morgan Lénnevik

morgan.lonnevik@glocalnet.net

 

David Lowenbrand

david@lamamail.com

 

Eva Madsen

evamadsen@tele2.se

 

Andreas Magnusson

andma638@student.liu.se

 

Daniel Magnusson

magnusson.danne@gmail.com

 

Erik Magnusson

 

Helena Magnusson

helena_magnusson_2003@yahoo.se

 

JanAnders Magnusson

janandersm@yahoo.se

 

Janek Magnusson

janek.magnusson@gmail.com

 

Karolina Magnusson

s.k.magnusson@gmail.com

 

Maria Magnusson

maria.magnusson@liu.se

 

Martin Magnusson

marma@ifm.liu.se

 

Olle Magnusson

olle@magnusson.nu

 

Tobias Magnusson

tobma696@gmail.com

 

Samuel Malinen

samuel.malinen@gmail.com

 

Anders Malm

anders.malm@gmail.com

 

Andreas Malm

 

andmai44@gmail.com

 

 
 

Henrik Lindblad

henrik.lindblad@gmail.se

 

Johannes Lindblom

johli445@gmail.com

 

Mikael Lindblom

mickel01@hotmail.com

 

JOHAN LINDBORG

johan.lindborg@gmail.com

 

 

 

Christer Lindell Christer.Lindell@gmail.com
Linda Lindell linli@ifm.liu.se
Martin Lindell martin.lindell@scania.com

 

Annica Lindén

annli363@student.liu.se

 

Joakim Lindén

joakim.linden@saabgroup.com

 

 

 

Maria Lindén maria.linden@mdh.se
Asa Lindén linden.asa@home.se
David Linder davli130@student.liu.se

 

Daniel Linderholm

danielhlinderholm@gmail.com

 

Anders Lindgren

andli665@student.liu.se

 

Hans Lindgren

hans.lindgren59@gmail.com

 

Johan Lindgren

jlindgren@epo.org

 

Lindgren Lindgren

anna.lindgren@prevas.se

 

Thomas Lindgren

tlindgren@sjm.com

 

Andreas Lindin

other@lindin.eu

 

Magnus Lindkvist

magnus@mid.se

 

Roger Lindkvist

rohemahe@gmail.com

 

Anders Lindman

anders.lindman@liu.se

 

Gustav Lindmark

gustav.s.lindmark@gmail.com

 

Johanna Lindquist

johanna.lindquist@bredband.net

 

Anders Lindavist

anders. lindqvist2@comhem.se

 

Staffan Lindqvist

slindqvist@web.de

 

Thomas Lindqvist

thomas. lindqvist@telia.com

 

Richard Lindroth

rlindroth@gmail.com

 

Jan Lindskog

jan.lindskog@gmail.com

 

Kristian Lindskog

kristian.lindskog@ericsson.com

 

Fredrik Lindsten

fredrik@lindsten.net

 

Hakan Lindstrom

froberga@gmail.com

 

Patrik Lindstrom

lindstroeem@gmail.com

 

Stefan Lindstrom

st.lindstrom@bredband.net

 

Stefan Lindstr6m

steli@lysator.liu.se

 

Christer Lindvall

christer.lindvall@telia.com

 

 

 

 

 

 

 

Roine Lindvall Roine.Lindvall@gmail.com
Roland Lindvall lindvall.roland@bredband.net
Arne Linge arne@linge.se

Benkt Linnander benkt@armstar.com

PATRIK Lislén patrik.lislen@axis.com

Bo Liss bo.liss@bahnhof.se

Erica Lissing erica@lissing.se

 

sebastian Ljungberg

sebastian.|jungberg@gmail.com

 

Alf Ljungblad

alf@bahnhof.se

 

Johan Ljungborg

jljungborg@hotmail.com

 

Christian Ljunggren

cb.ljunggren@gmail.com

 

Roger Ljungavist

roger.lij@glocalnet.net

 

Jan Ljungstrom

janlji@hotmail.com

 

Matilda Lorentzon

lorentzonmatilda@gmail.com

 

Jan Lovén

jan.loven@gmail.com

 

Per Loyd

per@loyd.se

 

Marcus Lundagards

marcus.lundagards@gmail.com

 

Andreas Lundberg

andlu549@student.liu.se

 

Jan Lundberg

Jan.Lundberg@sweco.se

 

 

Lars Lundberg

 

lars.lundberg@mail.ip-only.net

 

 

 
 

Asa Larsen

asa.larsen@pixonia.com

 

Agneta Larsson

larsson-agneta@hotmail.com

 

Arvid Larsson

alarsson@ifm.liu.se

 

Bruno Larsson

brunola@microsoft.com

 

Camilla Larsson

larsson.cam@gmail.com

 

David Larsson

david.larsson@gmx.net

 

Elisabet Larsson

lisalinghem@hotmail.com

 

Emil Larsson

lime@isy.liu.se

 

Erik Larsson

erik.larsson@afconsult.com

 

Erik Larsson

erik.larsson@liu.se

 

Ida Larsson

idala686@student.liu.se

 

Jan-Ake Larsson

jan-ake.larsson@liu.se

 

Jens Larsson

jens@isy.liu.se

 

Johan Larsson

johan.h.larsson@gmail.com

 

Johan Larsson

johan@larssonnorman.st

 

John-Olov Larsson

john_olov@hotmail.com

 

Katarina Larsson

katarina81@gmail.com

 

Kenneth Larsson

kenneth.larsson@philips.com

 

Lars-Goran Larsson

igi@pretium.se

 

Magnus Larsson

magnus.larsson.mail@gmail.com

 

Magnus Larsson

magnus.|.larsson@hotmail.com

 

Magnus Larsson

magla72@gmail.com

 

Martin Larsson

marla083@gmail.com

 

Martin Larsson

marla289@student.liu.se

 

Matilda Larsson

matildanlarsson@gmail.com

 

Ola Larsson

larsson.ola@gmail.com

 

Olof Larsson

olola417@gmail.com

 

Oskar Larsson

osk.larsson@gmail.com

 

Peter Larsson

peter@tradenet.se

 

Stig Larsson

theStig.Larsson@gmail.com

 

Claes Laurent

claes.laurent@comhem.se

 

Tomas Leffler

tomas.leffler@bredband.net

 

Lars Leigard

lars.leigard@gmail.com

 

Carl Johan Lejon Ekstrand

carljohan.lejon@gmail.com

 

Henrik Lenger

henrik@lenger.se

 

Kent Lennartsson

kent.lennartsson@telia.com

 

Erik Lennholm Skaringer

skaringer@allt2.se

 

Malte Lenz

malte.lenz@gmail.com

 

Niclas Lerede

niclas.lerede@gmail.com

 

Petter Lerenius

plerenius@gmail.com

 

Sebastian Leth

sebbo247@student.liu.se

 

Anders Lewald

anders.lewald@energimyndigheten.se

 

Birgitta Lewerentz

birgitta.lewerentz@foi.se

 

Jan Lewerentz

jan.lewerentz@gmail.com

 

 

 

 

Erik Levholt levholt@gmail.com
Tomas Lidholm tomas.lidholm@gmail.com
Martin Lilja lilja.martin’8@gmail.com
Olle Liljefeldt olle.lillefeldt@gmail.com

 

Jonatan Liljestrand

jonatan.liljestrand@gmail.com

 

Stefan Lilliehjort

stefanlilliehjort@gmail.com

 

Choy-Hsien Lin

alumni.choy@neverbox.com

 

 

 

Bo Lind bosse.lind@telia.com
Ingela Lind ingela.lind@gmail.com
Olof Lindahl olof.lindahl@tfe.umu.se

 

Kristoffer Lindberg

krli09@handelsbanken.se

 

 

Ulf Lindberg

 

ulf@midi-studio.se

 

 

 
 

Pekka Karttunen

KREKEKEKRKKEKEEKREKE

 

Magnus Kempe

magnus.kempe@saabgroup.com

 

Josefin Kemppainen

josefin.kemppainen@gmail.com

 

Vibeke Kensing

vibeke.kensing@gmail.com

 

 

 

Erik Kihlberg kihlberg@ebox.tninet.se
Ulrika Kihlberg uk414@telia.com
Olle Kilbrand olle.kilbrand@gmail.com

 

Johan Kindgren

johan.kindgren@gmail.com

 

Goran Kindstr6ém

gorki@kind.st

 

Johan Kinnander

j.kinnander@gmail.com

 

Jonas Kjellander

jonas.kjellander75@gmail.com

 

Jan-Ake Kjellberg

j_a_kjellberg@yahoo.se

 

lars-olof Kjellberg Bjérketun

bjorketun@hotmail.com

 

Malin Kjelldal

malin.kalldahl@gmail.com

 

Therese Kjelidal

therese.kjelldal@scania.com

 

Lennart Kjellén

lennart.kjellen@bahnhof.se

 

Richard Kjerstadius

kjerstadius@gmail.com

 

Sandra Kjallstr6m

sandra.kjallstrom@ericsson.com

 

Bo Klackenberg

bo.klackenberg@shsab.com

 

Oskar Kleback

oskkle663@gmail.com

 

Magnus Kling

magnus_kling@hotmail.com

 

Per Kléfver

per.lm.klofver@gmail.com

 

Bjorn Knuthammar

bjorn.knuthammar@gmail.com

 

Peter Kollegger

pkollegger@gmail.com

 

Cagatay Konuskan

cagatay_k@hotmail.com

 

Kurt Koppari

cui@lv203.lbinternet.se

 

Adnan Kozarcanin

akozarcanin@hotmail.com

 

NIKLAS Krakau

niklasc@isy.liu.se

 

 

 

Jan Kramle kramle@gmail.com
Peter Krantz peter.krantz@3ds.com
Martin Krisell martin.krisell@gmail.com

 

Magnus Krogh

magnuskrogh@hotmail.com

 

Jon Kronander

jonkronander@gmail.com

 

Gabriel Kulig

gabriel.kulig@gmail.com

 

Annika KvarnstrOm

annika@kvarnstrom.eu

 

Bengt Kvarnstrém

bengt@kvarnstrom.eu

 

Fredrik Kvillborn

fredrik@kvillborn.se

 

Jenny Kvist

jenny@kvist.to

 

Stefan Kvist

stefan.kvist@bredband.net

 

Martin Kagebjer

martin.kagebjer@gmail.com

 

Laban Kallgren

laban.kallgren@home.se

 

Rebecca Kallsten

alumn@kallsten.se

 

MATTS LAGER

mattslager1 @gmail.com

 

Bjorn Lagerkvist

bjorn.lagerquist@gmail.com

 

Jonas Lageravist

jonas@lagergqvist.net

 

KNUT-OLOV LAGERQVIST

knut-olof.lagerkvist@vgregion.se

 

Peter Lageravist

peter.m.lagerqvist@telia.com

 

 

 

Jimmie Lahti jimmie.lahti@gmail.com
Jonas Landgard jonas.landgard@gmail.com
Ida Landin idajo550@student.liu.se

 

Erik Landstr6ém

mrlandstrom@gmail.com

 

Fredrik Landstr6m

fredrik.landstrom@orrebroll.se

 

Maria Lang

maria.lang@ri.se

 

Sara Larborg

sara.larborg@gmail.com

 

Birgitta Larsby

birgitta.larsby@liu.se

 

 

Jens Larsen

 

jens@pixonia.com

 

 
 

KARL ULF LENNART JONASSON

lennart@kiruna.nu

 

Fredrik Jones

freddejones@gmail.com

 

Fredrik Jonsson

fionsson@atmel.com

 

Kent Jonsson

kent.jonsson@patco.pp.se

 

Per-Axel Jonsson

perjo81@gmail.com

 

Jonas Jordberg

Jordberg@tele2.se

 

Henrik Jorendal

henrik.jorendal@telia.com

 

Jonas Josefsson

jonas.josefsson@gmail.com

 

Pascal Jourdain

pascal.jourdain@telia.com

 

Peter Juhlin-Dannfelt

peter.juhlindannfelt@gmail.com

 

Yiva Jung

ylva.jung@gmail.com

 

Erik Junholm

eriju796@student.liu.se

 

Kenneth Jarrendahl

kejar@ifm.liu.se

 

Carl Jonsson

callejn@gmail.com

 

Christian Jonsson

c.christian.joensson@telia.com

 

Johan J6nsson

johanjoensson@gmail.com

 

Eskil Jorgensen

eskil.jorgensen@gmail.com

 

Tina Kallio

tina.kallio@gmail.com

 

Susanne Kallman

susanne.kallman@telia.com

 

Marcus Kardell

marcus.kardell@liu.se

 

Mikael Karelid

mikka086@gmail.com

 

Robin Karhu

robin.karhu@gmail.com

 

Magnus Karlander

magnus.karlander@gmail.com

 

Sune Karlgard

sune@karlgard.se

 

Anders Karlsson

andka096@student.liu.se

 

Bo Karlsson

bossekarlsson@telia.com

 

Christian Karlsson

kasserama@qmail.com

 

Daniel Karlsson

dmk85@hotmail.com

 

Fredrik Karlsson

freka844@gmail.com

 

Fredrik Karlsson

fredrik.karlsson@epfl.ch

 

Goran Karlsson

gokarlss@gmail.com

 

Goran Karlsson

bygorankarlsson@hotmail.com

 

Hanna Karlsson

hanka862@student.liu.se

 

HENRIK KARLSSON

henka1 15@greenmountain.se

 

Ingvar Karlsson

mb753831@bahnhofbredband.se

 

John Karlsson

True_Power@hotmail.com

 

Katrin Karlsson

katka433@hotmail.com

 

Lars Karlsson

lale@lale.se

 

Magnus Karlsson

magnus.karlsson@innowicom.se

 

Magnus Karlsson

magka227@student.liu.se

 

Marcus Karlsson

marka662@student.liu.se

 

Mats Karlsson

matkarl@bredband.net

 

Mats Karlsson

Mats.A.Karlsson@ericsson.com

 

Patrik Karlsson

patrik.g.karlsson@gmail.com

 

Per Karlsson

basper.karlsson@gmail.com

 

Per-Erik Karlsson

perka625@student.liu.se

 

Peter Karlsson

peter@svarteld.com

 

Rolf Karlsson

rolf21@bredband.net

 

Stefan Karlsson

stefan.|.karlsson@telia.com

 

Thomas Karlsson

viper@home.se

 

TOMAS KARLSSON

Tomas.Karlsson@saabgroup.com

 

Carl Karlsson Schmidt

carl.karlsson.schmidt@gmail.com

 

Karlsteen Karlsteen

magnus.karlsteen@physics.gu.se

 

Jan Karlstromer

jan.karlstromer@siemens.com

 

Jan Karlsvard

jan.karlsvard@saabgroup.com

 

 

Annika Karmhag Olsson

 

annika.olsson@angstrom.uu.se

 

 

 
 

Andreas Jansson

andreas.jansson@esss.se

 

Bo Jansson

bo.jansson@gmail.com

 

Fredrik Jansson

f.jansson@bigfoot.com

 

Lennart Jansson

lenja@bredband.net

 

Marita Jansson

marita.jansson@teliasonera.com

 

Mattias Jansson

janssons@musiker.nu

 

Roger Jansson

rogernilsjansson@gmail.com

 

Sebastian Jansson

jansson.sebastian@gmail.com

 

Joakim Jardal

joakim.jardal@gmail.com

 

Kjell Jehrlander

kjell.jehrlander@telia.com

 

Fredrik Jennéus

fredrik.jenneus@27m.se

 

Jonas Jerrelind

jonas.jerrelind@afconsult.com

 

Christoffer Jezek

christoffer.jezek@gmail.com

 

Mats Jirstrand

matsj@fcc.chalmers.se

 

Per Johannesson

per.m.johannesson@gmail.com

 

Alfred Johansson

alfred.johansson.87@gmail.com

 

Andreas Johansson

andreasj@gmail.com

 

Andreas Johansson

andjo721@gmail.com

 

Andreas Johansson

andreas.johansson@tekniskaverken.se

 

Bengt Olof Johansson

bengt-olof.johansson@boliden.se

 

Christian Johansson

chrxjo@gmail.com

 

Dan Johansson

dan.sylvester.johansson@gmail.com

 

Erika Johansson

aee_johansson@hotmail.com

 

Eva Johansson

evjho@wmdata.com

 

Frederic Johansson

fredericjohansson@hotmail.com

 

Fredrik Johansson

fidde86@gmail.com

 

Fredrik Johansson

fredrik.ake@gmail.com

 

Fredrik Johansson

fredrik_kicki.johansson@tele2.se

 

Goéran Johansson

gjohansson25@gmail.com

 

Henrik Johansson

henjo456@gmail.com

 

Lennart Johansson

h.lennart.johansson@telia.com

 

Louise Johansson

lollo.johansson@gmail.com

 

Magnus Johansson

mag.johansson@gmail.com

 

Mari Johansson

marjo194@gmail.com

 

Martin Johansson

martin.p.johansson@saabgroup.com

 

Mats Johansson

mats.t.johansson@home.se

 

 

Mattias Johansson

matjo223@gmail.com

 

Mikael Johansson

mikaeljohanssoni23@gmail.com

 

Mikael Johansson

micke.johansson@gmail.com

 

Mikael Johansson

niffob@gmail.com

 

Nicklas Johansson

nicklas.hem@gmail.com

 

Oskar Johansson

oskar.johansson@scania.com

 

Patrik Johansson

sdpajo@yahoo.com

 

Patrik Johansson

parrik.j;@gmail.com

 

Peter Johansson

peter.johansson1@bredband.net

 

Peter Johansson

prj@lysator.liu.se

 

Par Johansson

par.johansson@nordea.com

 

Robert Johansson

erobjo@gmail.com

 

Sixten Johansson

sixten.johansson@gmail.com

 

Staffan Johansson

zorzorboy@gmail.com

 

Stefan Johansson

stefan.s.johansson@ericsson.com

 

Ted Johansson

ted@dbmrf.s

 

Thomas Johansson

thomas.h.johansson@gmail.com

 

Torbjorn Johansson

torbjorn.55372@telia.com

 

Lars Johnson

lars.johnnson@home.se

 

Jimmy Jonasson

 

jimjo210@gmail.com

 

 
 

Lars Holmberg

lasse.i.holmberg@telia.com

 

Goran Holmbom

goran.holmbom@gmail.com

 

Ingemar Holmén

ingemar.holmen@dynamics.saab.se

 

Torbj6rn Holmgren

torbjorn.holmgren@bredband.net

 

Asa Holmgren

asa.holmgren@hotmail.se

 

Anders Holmquist

anders.b.holmquist@gmail.com

 

Inga-Lill Holmavist

familjen.holmavist@telia.com

 

Peter Holmavist

petho876@student.liu.se

 

Anders Holmring

anders.holmring@gmail.com

 

Martin Holmstrand

holmstrand@gmail.com

 

Andy Holmstrom

andyhoilmstrom@yahoo.se

 

Mats Holmstrom

mats.holmstrom@mindwell.se

 

Nils Holmstr6m

nils@nilhol.se

 

Yiva Houltz

ylva.houltz@comhem.se

 

Lars Huge

lars. huge@gmail.com

 

Simon Hugosson

simonhugoson@hotmail.com

 

Dan Hultgren

dan.hultgren@mailbox.swipnet.se

 

Fredrik Hultman

fredrik.hultman@telia.com

 

Martin Hultman

martin.o.hultman@gmail.com

 

Christine Hummelgard

chrma475@student.liu.se

 

Esbjorn Hyltefors

hyltefors@gmail.com

 

Anders Hakansson

i99andha@island.liu.se

 

Carl Johan Hakansson

cjh@cale.se

 

Greger Hakansson

gregerhakansson@hotmail.com

 

Sten-Ake Hakansson

sten-ake.hakansson@comhem.se

 

Pontus Hallstedt

ponha669@student.liu.se

 

Erik Hagerdal

erik@hagerdal.com

 

Robert Hagglund

rhagglund@gmail.com

 

ULF HANDEL

ulf. handel@gmail.com

 

Ola Harkegard

ola.harkegard@saab.se

 

Erik Héckerdal

erik.hockerdal@scania.com

 

Josef Hégberg

josef.hogberg@gmail.com

 

Anton Héghall

anton.hoghall@gmail.com

 

Carina Héglund

carina@ifm.liu.se

 

Magnus Hoij

magnus.hoij@idg.se

 

Carl-Gunnar Horberg

carho654@gmail.com

 

Michael Hornquist

michael.hornquist@comhem.se

 

Sara Hornquist

sara.hornquist@comhem.se

 

Stina Hérnstr6m

hornstrom.stina@gmail.com

 

 

 

 

 

 

 

MATS IDEBRO mats.idebro@gmail.com
Lennart Idegren lennart.idegren@telia.com
Anita Ihs anita.ins@telia.com

Benjamin Ingberg benjamin.ingberg@gmail.com
Rolf Ingman rolf.ingman@spray.se

Martin Ingstr6m martin.ingstrom@gmail.com
Kjell Isacson kjell@golstavik.se

 

ANDERS ISAKSSON

ais54@live.se

 

Robin Isaksson Vivungi

robis869@student.liu.se

 

Johan Iseskog

johan.iseskog@gmail.com

 

Kjell-Erik Israelsson

kjell-erik.israelsson@blixtmail.se

 

Johan lvansson

johan.ivansson@tele2.se

 

Niklas Ilvansson

niklas.ivansson@gmail.com

 

Jonas Jacobsson

jonas.jacobsson@johnbauer.nu

 

Fredrik Jakobsson

fredrik.jakobsson@mbox304.swipnet.se

 

Patrik Jakobsson

patjak@gmail.com

 

 

Andreas Jansson

 

andreas.erik.jansson@gmail.com

 

 

 
 

Kent Hartman

hartman@isy.liu.se

 

Magnus Hasselstr6m

magnus.hasselstrom@crossconnect.se

 

Lars-Olof Haster

lars-olof.haster@telia.com

 

Rasmus Haverstad

rasmushaverstad@gmail.com

 

Tomas Hedblom

tomas.hedblom@telia.com

 

Gunnar Hedby

hedby@yahoo.com

 

 

 

 

 

Erik Heddle erika264@student.liu.se
Joel Hedestig joel.hedestig@gmail.com
Joakim Hedhill hedhill.joakin@gmail.com
Andreas Hedin andhe793@gmail.com
Johan Hedin johan.o.hedin@gmail.com

 

Claes Hedlund

claes.hedlund@gmail.com

 

Lars Hedlund

lars@larshedlund.se

 

Petter Hedman

petter@eken9.se

 

Niklas Hedstrom

niklas.hedstrom@autoliv.com

 

Niklas Hedstr6m

niklasshedstrom@gmail.com

 

Claes Heidenback

heidenback@mac.com

 

Séren Heimdal

soren.heimdal@tele2.se

 

Hans Helander

helander.uppveda@telia.com

 

Maria Helleland

marhe704@student.liu.se

 

Johan Hellgren

johan.hellgren@home.se

 

Niklas Hellgren

niklas.hellgren@gmail.com

 

Daniel Hellman

daniel_hellman@hotmail.com

 

Johan Hellman

johhe425@gmail.com

 

Lars Hellmark

lars.hellmark4@gmail.com

 

Madeleine Hellavist

madeleine.hellqvist@gmail.com

 

Stina Hellstrandh Jorstig

stinas78@hotmail.com

 

Erik Hellstrom

erik.hellstrom@gmail.com

 

Jan Hellstr6m

jan.o.hellstrom@ericsson.com

 

Kristina Hellstrom

kristinahellstroem@googlemail.com

 

Magnus Hellstr6m

magnushellstrom@gmail.com

 

Nils Hellstrom

nisse.he@gmail.com

 

Goran Helmersson

goran.helmersson@gmail.com

 

Gustaf Hendeby

hendeby@isy.liu.se

 

Joakim Henningsson

joakim.henningsson@moldeo.se

 

Johan Henriksson

johhe948@hotmail.com

 

Markus Henriksson

marhe945@student.liu.se

 

Per Henriksson

purrang@gmail.com

 

Sten Herlitz

sherlitz@yahoo.com

 

Simon Herléfsson Wallin

simon.herlofsson@gmail.com

 

David Hertz

david@bobanet.net

 

Emil Hilding

emil.hilding@gmail.com

 

Anders Hildingsson

hildingson@gmail.com

 

Roger Hilmersson

roger@barhall.com

 

Emil Hjalmarsson

emil.hjalmarsson@gmail.com

 

Suzanne Hjelm

suzz.hjelm@bredband.net

 

Patrick Hjelm Andersson

patrick.hjelm.andersson@gmail.com

 

David Hjelmberg

david.hjelmberg@gmail.com

 

Mattias Hjort

hjort.mattias@gmail.com

 

Jan-Olof Hjartstr6m

jan-olof.kristina@telia.com

 

Henrik Hoffsten

henho348@student.liu.se

 

Maria Hofvendahl

maria.hofvendahl@hotmail.com

 

ROBERT HOLGERSSON

robert.holgerssoni @comhem.se

 

Joakim Holm

Joakim.Holm@ericsson.com

 

Stefan Holm

stefan.holm@home.se

 

 

Fredrik Holmberg

 

fredrik.holmberg@home.senet

 

 
 

Christina Greis Dahlberg

christina.greis@nat.oru.se

 

Mari-Ann Gripmark

mari-ann.gripmark@comhem.se

 

Peter Gripstrand

peter@gripstrand.se

 

Christina Grundstrom

christina.grundstrom@bredband.net

 

Thomas Gryback

thomas.gryback@telia.com

 

Frederick Gronberg

frederick.gronberg@gmail.com

 

Hans Guldbrand

hans_guldbrand@hotmail.com

 

Daniel Gullberg

daniel.gullberg@gmail.com

 

Krister Gumaelius

kristerg@kth.se

 

Johan Gunnar

johan.gunnar@gmail.com

 

Carina Gunnarsson

c.gunnarsson@bredband2.com

 

Robert Guricke

robertguricke@gmail.com

 

Filippa Gustafsson

filippa833@gmail.com

 

Fredrik Gustafsson

fredrik.gustafsson@liu.se

 

Jan Gustafsson

jangus@foi.se

 

Katarina Gustafsson

katarina.hemma@gmail.com

 

Kenneth Gustafsson

kenneth.gustavsson@ericsson.com

 

Kristian Gustafsson

talktokristian@gmail.com

 

Lars Gustafsson

lars.g.gustavsson@passagen.se

 

Magnus Gustafsson

magnus.gustafsson@saabgroup.com

 

Moa Gustafsson

moagustafsson@gmail.com

 

Niklas Gustafsson

niklas.p.gustafsson@gmail.com

 

Niklas Gustafsson

n.gustavsson@home.se

 

Oscar Gustafsson

oscar.gustafsson@liu.se

 

Percy Gustafsson

percy@family-gustafsson.com

 

Stefan Gustafsson

gustafsson@ieee.org

 

Torbjérn Gustafsson

torgus@telia.com

 

Jan Gustavsson

janne_gt@hotmail.com

 

JONAS GUSTAVSSON

 

Lars-Erik Gustavsson

legustavsson@tmt-traffic.se

 

Peter Gustavsson

Peter.J.Gustafsson@emw.ericsson.se

 

Hans Gardesj6

hans.gardesjo@gmail.com

 

Andreas Gallstr6m

andreas.gallstrom@gmail.com

 

Bo Goransson

bo.goransson@ericsson.com

 

Fredrik Haag

fredrik.haag@avi.com

 

Andreas Hagemann

andreas@hagemann.se

 

Erik Hagfalk

ehagfalk@gmail.com

 

Joel Haglind

joel.haglind@sharper.se

 

David Haglund

david@davidhaglund.se

 

Robert Hagman

robert.hagman@tele2.se

 

Jérgen Halén

jorgen.halen@gmail.com

 

Andreas Hall

andha945@gmail.com

 

Lars Hall

lar.hall@bahnhof.se

 

Carl-Henrik Hallberg

carha501@student.liu.se

 

Robert Hallberg

robert.kp.hallberg@gmail.com

 

Johan Hallenberg

hallenberg.johan@gmail.com

 

Dan Hallgren

dan.hallgren@gmail.com

 

Mattias Hallor

mattias.hallor@gmail.com

 

Patrik Hallsjo

patrik.hallsjo@gmail.com

 

Claes Hallstr6ém

hallstrom.claes@gmail.com

 

 

 

Peter Hammersberg

peter.hammersberg@chalmers.se

 

Magnus Hansen

magnus.hansen11@bredband.net

 

Erik Hansson

erik.gustav.hansson@gmail.com

 

Hans Hansson

hans.hansson@kloster.se

 

Jérgen Hansson

hansson.jorgen@gmail.com

 

Anders Harrysson

 

anders.harrysson@live.com

 

 
 

Karin Forsberg

lundh.k@gmail.com

 

Julia Forslin

juliaforslin@gmail.com

 

Anders Forslund

anders.forslund@spdevices.com

 

JOHAN DANIEL GEORGE FORSMAIdaniel.g.forsman@gmail.com

 

Mats Forsman

ozaomats@tele2.se

 

Claes Forssman

clafo375@student.liu.se

 

Charles Fox

charles.j.fox@gmail.com

 

Hakan Frank

hakan.frank1@comhem.se

 

Patrik Fransson

patfr638@student.liu.se

 

Tommy Fransson

tommy.fransson@gmail.com

 

Peter Frantz

nidbild@hotmail.com

 

Ake Franzén

afranzen@algonet.se

 

Bo Franzon

bo.franzon@ieee.org

 

Oskar Fredén Gren

oskfr485@student.liu.se

 

Claes Fredriksson

claes.fredriksson@telia.com

 

Kent Fredriksson

kent.fredriksson@hotmail.com

 

K-J Fredriksson

kj.fredriksson@home.se

 

Anna Freiholtz

anna@freiholtz.com

 

Johannes Fri

johannesfri@hotmail.com

 

 

 

 

 

Jonas Frid hrfrid@gmail.com

OVE FRID ove.frid@gmail.com

Joel Fridfjell petersson.joel@gmail.com
Per Fridh per@fridh.info

Johan Frisell johan.frisell@gmail.com

 

Andreas Frisk

olfrisk@hotmail.com

 

Gunnar Frisk

gunnar@nc.rr.com

 

Josefin Frisk

josefin.frisk@scania.com

 

Pelle Frykman

petter.frykman@telia.com

 

 

 

 

 

Olle Fak olle.fak@gmail.com

Viiveke Fak viiveke@ovfak.se

Per-Erik Fagerman per-erik@mandalon.se

David Farm davidfarm@gmail.com

Peter Garpenberg peter.garpenberg@gmail.com

 

Joakim Gebart

joakim.gebart@jge.se

 

Elisabeth Genberg

elisabeth.genberg@telia.com

 

Therese Gennemark

therese.gennemark@gmail.com

 

Tobias Gentzell

gentzell@spray.se

 

Jonny Genzel

jonny.genzel@gmail.com

 

Markus Gerdin

markus.gerdin@gmail.com

 

Andreas Gerhardsson

andge345@gmail.com

 

Lars Daniel Gerhardsson

daniel.gerhardsson@ericsson.com

 

Simon Gidlof

simgi023@gmail.com

 

David Gillsjé

david.gillsjo@gmail.com

 

Henrik Glawing

hengl082@gmail.com

 

Maria Gordon

gordon.maria@gmail.com

 

Peter Gotenstam

peter.gotenstam@saabgroup.com

 

Johan Grahn

jgra@datarespons.se

 

Margaretha Granberg

molea@telia.com

 

Olof Granberg

olle.granberg@gmail.com

 

Bo Granbom

bo.granbom@saabgroup.com

 

Oscar Grandell

oscar.grandell@gmail.com

 

Annika Granlund

annika.granlund@telia.com

 

Bo Granstedt

bo.granstedt@glocalnet.net

 

Johan Gransten

johan.gransten@centerpartiet.se

 

Karl Granstrom

kagranstrom@gmail.com

 

 

Magnus Granstr6m

 

magnus.a.granstrom@gmail.com

 

 
 

LARS ERIKSSON

lars.edvin.eriksson@gmail.com

 

Lars Eriksson

lasse.home@gmail.com

 

Magnus Eriksson

magnus.eriksson@ieee.org

 

Magnus Eriksson

magnus_x.eriksson@scania.com

 

Martin Eriksson

martin.g.eriksson@teliasonera.com

 

Matilda Eriksson

tilda86@gmail.com

 

Mats Eriksson

maeri@ifm.liu.se

 

Mattias Eriksson

o.m.eriksson@gmail.com

 

Mattias Eriksson

mater@ida.liu.se

 

Mikael Eriksson

mikael.xa.eriksson@gmail.com

 

Petter Eriksson

petter.fluff.eriksson@gmail.com

 

Rikard Eriksson

rikard.eriksson@home.se

 

Rolf Eriksson

rolf.eriksson@comhem.se

 

Stefan Eriksson

sner@bahnhof.se

 

Vivianne Eriksson

vivianne.eriksson@se.ibm.com

 

Magnus Erixon

lindhe.erixon@telia.com

 

Inger Erlander Klein

inger@isy.liu.se

 

Tina Erlandsson

tina.erlandsson@gmail.com

 

Ulf Erlandsson

ulf@ulfstina.se

 

Jan Erlingborn

jan.erlingborn@bredband.net

 

Jon Gudjon Erlingsson

jon.erlingsson@gmail.com

 

Mikael Erninger

erninger@yahoo.se

 

Carl-Magnus Erzell

carer@itn.liu.se

 

Maja Eveborn

majjoh@gmail.com

 

David Evekull

david.evekull@telia.com

 

Lars Everbrand

lars.everbrand@gmail.com

 

Rickard Ewetz

rickard.ewetz@gmail.com

 

Hanna Fager

hanna.fager@gmail.com

 

Mats Fagerberg

mats.fagerberg@saabgroup.com

 

Sofia Fahlvik Svensson

s.fahlvik.s@gmail.com

 

Peter Falk

kbpeterfalk@gmail.com

 

Rikard Falkeborn

rikard.falkeborn@gmail.com

 

Ewa Falkenborg

ewa.falkenborg@hp.com

 

Adam Fall

adam@gmail.com

 

Orjan Fall

orjan.fall@telia.com

 

 

 

Lars-Goran Fallhagen

Igfal@telia.com

 

Siavash Farhadi

sifagi @gmail.com

 

Sebastian Faxér

sebbe@faxer.nu

 

Niklas Ferm

niklas.ferm@telia.com

 

Magnus Fernlund

magnus.fernlund@home.se

 

Torkel Finnstrom

torkel.finnstrom@tieto.com

 

Bjorn Fjellborg

bjorn.fjellborg@gmail.com

 

Jan Flinke

jan.flinke@kockums.se

 

Henrik Flordal

henrik@flordal.net

 

Hakan Florin

h.florin@flotecmarin.se

 

Oscar Flardh

oscar.flardh@gmail.com

 

Jdérgen Fock

jorgen.fock@gmail.com

 

Niclas Fock

fockniclas@gmail.com

 

Bo-Harald Folkebrant

 

jonas folkesson

jonasfolk@gmail.com

 

Carina Fors

carina.fors@gmail.com

 

Jonathan Fors

etnoy@broach.se

 

Conny Forsander

conny.forsander@gmail.com

 

Anders Forsberg

andfo@verige.nu

 

Anna Forsberg

annaforsberg.Ikog@gmail.com

 

Daniel Forsberg

 

danne.forsberg@gmail.com

 

 
 

ANDERS EKLUND

andek034@gmail.com

 

Elin Eklund

elin.eklund@gmail.com

 

Martin Eklof

martin.eklof@home.se

 

Kenneth Ekman

endian00@yahoo.se

 

Per-Ove Ekman

perek.ekman@gmail.com

 

Elisabeth Ekman Khaghani

ekhaghani@gmail.com

 

Anders Ekstr6ém

anders_r8n@telia.com

 

CAROLINE EKSTROM

careks@telia.com

 

Mats Ekstr6m

mailbox@matsekstrom.com

 

Jessica Elevant

jesel919@student.liu.se

 

JAN-ERIK ELFBERG

janerik.elfberg@gmail.com

 

Kristin Elfstr6m

kristin.fredman@gmail.com

 

Anders Elgcrona

anders@elgcrona.com

 

Lena Elgcrona

lena@elgcrona.com

 

Hannes Samer Eliasstam

hannes.eliasstam@gmail.com

 

Margareta Ellnebo

margareta.ellnebo@bredband.net

 

Henrik Ellner

henel677@gmail.com

 

Jonas Elmavist

jonas.elmqvist@gmail.com

 

Johan Elmstal

johan.elmstal@gmail.com

 

Sture Elnas

seela@tele2.se

 

Viktor Elofsson

vikjo309@gmail.com

 

Anki Elsehamn

anki_rasmusson@hotmail.com

 

Erika Emilsson

erika.emilsson@gmail.com

 

Ulf Emilsson

uemilsso@telia.com

 

Johan Emriksson

johan.emriksson@gmail.com

 

Lovisa Engberg

lovisa.engberg@gmail.com

 

Stefan Engbom

stefan.engbom@telia.com

 

Henrik Engdahl

henen254@gmail.com

 

Ingrid Enge

ingrid.enge@gmail.com

 

Eva Englund

eva.englund@ericsson.com

 

Madeleine Englund

maden931@student.liu.se

 

Torbjérn Englund

torbjorn_englund@telia.com

 

Jimmy Engman

jimen245@gmail.com

 

Jonas Engrup

jonas.engrup@gmail.com

 

Bjorn Engstrom

bjorn@ikiru.se

 

Styrbjorn Enkel

styrbjorn@enkel.se

 

Susanne Enkel

susen366@gmail.com

 

Martin Enavist

martin.enqvist@gmail.com

 

Olof Enavist

olofe@maths.Ith.se

 

Anders Ericson

anders.ericson@teliasonera.com

 

Jerker Ericsson

jerker_ericson@hotmail.com

 

Andreas Eriksson

addeman@gmail.com

 

Bengt Eriksson

bengt@eriko.eu

 

Bo Eriksson

bo.e.eriksson@qmail.com

 

Christer Eriksson

christer.ericsson@ericsson.com

 

Christer Eriksson

alumni_liu@ekorre.com

 

Daniel Eriksson

daner963@gmail.com

 

 

Elisabet Eriksson

elisabetkm.eriksson@gmail.com

 

Erik Eriksson

erik_sverige@hotmail.com

 

Erik Eriksson

erier732@gmail.com

 

Goran Eriksson

go.eriksson@gmail.com

 

Henrik Eriksson

henrik.eriksson@rosenia.se

 

Henrik Eriksson

henrik.eriksson@gmail.com

 

Henrik Eriksson

Henrik.Eriksson@sp.se

 

Jan Eriksson

jan.eriksson@vattenfall.com

 

Jonas Eriksson

 

mailbox@jonas.com

 

 
 

Bengt-Olof Dahl

bengtolofdahl@gmail.com

 

Jorgen Dahl

JorgenDahl@yahoo.com

 

Markus Dahl

markusT.dahl@Gmail.com

 

Jonathan Dahlberg

dahlbergjonathan@gmail.com

 

LEIF DAHLBERG

leif.dahlberg@dqinetiq.se

 

Erik Dahlerup

erili459@gmail.com

 

Joacim Dahlgren

joacim.dahlgren@combitech.se

 

Anna Dahlstrom

dahlstrom.anna@gmail.com

 

Jan Dahlstrom

jan.dahlistrom@telia.com

 

Stefan Dahlstrom

013261210@comhem.se

 

Lars Dalmyr

dalmyr@hotmail.com

 

Kenneth Danehorn

kenneth.danehorn@bahnhof.se

 

Marianne Daniels

marianne.daniels@live.se

 

Jan Danielsson

jan.danielsson@arrisi.com

 

Jan Danielsson

danielsson.jan@telia.com

 

Johan Danielsson

jdanielsson5@gmail.com

 

Simon Danielsson

simon.danielsson@gmail.com

 

Per Dannetun

per.dannetun@liu.se

 

Astrid de Laval

delaval.astrid@gmail.com

 

Magnus Degerfalk

magnus.d@gmail.com

 

Par Degerman

par@degerman.org

 

Sandra Deimer

sandra_deimer@yahoo.com

 

Jonas Delding

delding@comhem.se

 

Viktor Deleskog

v.deleskog@gmail.com

 

 

 

 

Hakan Delin hakan.delin@gmail.com
Lars Gunnar Demitz-Helin jaratech@hispavista.com
Daniel Deniz dande081@student.liu.se
DINH DINH dindi027@student.liu.se

 

Jonas Disman

jonas.disman@home.se

 

Maria Doverborg Broman

maria.db@gmail.com

 

Anton Drott

antan951@student.liu.se

 

Hakan Dryselius

Hokan.dryselius@shsab.com

 

Tobias Dubois

tobias.dubois@gmail.com

 

Mathias Duppils

mathias.duppils@gmail.com

 

Petter Dyverfeldt

petdy135@imv.liu.se

 

AMANDA Dappens

amali008@student.liu.se

 

Leena Ebefors

leena.ebefors@home.se

 

Thorbjérn Ebefors

thorbjorn.ebefors@gmail.com

 

Mats Edberg

medberg@gmail.com

 

Anders Edén

anders.eden@home.se

 

CARIN EDLUND

carin.edlund@hotmail.com

 

Viktor Edman

viktoredman@gmail.com

 

Andreas Edstrand

a.edstrand@gmail.com

 

Daniel Edstr6m

daniel.a.edstrom@gmail.com

 

Ingemar Edstrom

ingemar.edstrom@telia.com

 

Johan Edstrom

johan.edstrom@pmchitech.com

 

 

 

Ola Edstr6m ola.edstrom@teliasonera.com
Adrian Eilertsen adrianeilertsen@hotmail.com
Martin Ek Martin.Ek@albihns.se

 

Hans Ekberg

ekberg.hans@telia.com

 

Rickard Ekberg

rickard.ekberg@sickivp.se

 

Anders Ekdahl

anders565@yahoo.se

 

Eva Ekenberg

eva@violaberg.nu

 

Lena Ekenberg

lemaek@hotmail.com

 

Jonas Ekerli

jonas.ekerli@gmail.com

 

 

Lena Eklind

 

lenaeklind@telia.com

 

 

 
 

Rune Brannstr6m

rune@fam-brannstrom.net

 

Per Broms

per.broms@home.se

 

Goran Budgifvars

gbudgifvars@telia.com

 

Fredrik Burman

fredrik.burman@ericsson.com

 

 

 

 

Nina Bylund nina@hammerin.se

Anni Back anni.forsberg@gmail.com
Marcus Back marba751@gmail.com
Par Back paer.baeck@gmail.com

 

Martin Backstrém

marba607@student.liu.se

 

Jonas Callmer

jcallmer@gmail.com

 

Nils Calmsund

nils.calmsund@stericsson.com

 

Deborah Capello

Deborah.Capello@sectra.se

 

Peter Caputa

peter.caputa@gmail.com

 

Catarina Carlberg

catarina@tfk.liu.se

 

Jens Carlberg

jenca@lysator.liu.se

 

Mats Carlberg

 

Borje Carlegrim

borje.carlegrim@telia.com

 

Sara Carlén

sara.m.carlen@gmail.com

 

Stefan Carlén

stefan.carlen@idgmail.se

 

Peter Carlson

petca046@gmail.com

 

Anna Carlsson

anna.carlsson.linkoping@telia.com

 

Bjorn Carlsson

bj_rn_c@hotmail.com

 

Carin Carlsson

carin.carlsson@moderat.se

 

Conny Carlsson

connycar@gmail.com

 

Daniel Carlsson

danca625@student.liu.se

 

Daniel Carlsson

danneck@gmail.com

 

Jenny Carlsson

ms.jenny.carlsson@gmail.com

 

Jonas Carlsson

jonas.carlsson@gmail.com

 

Oscar Carlsson

co.carlsson@gmail.com

 

Rickard Carlsson

ricca742@gmail.com

 

Robin Carlsson

robin9003@gmail.com

 

Staffan Carlsson

staffan.carlsson@ericsson.com

 

Par Carlsson Forslund

par.forslund@ericsson.com

 

Tobias Carlstect

tobias.carlstedt@gmail.com

 

 

Albin Carnstam

albin@carnstam.net

 

Mikael Ceder

mikael.ceder@gmail.com

 

AKE FOLKE CEDER

ake.ceder@comhem.se

 

Bjorn Cederberg

bjornced@hotmail.com

 

Erik Cederberg

erikced@gmail.com

 

Linda Cederberg

linda.cederberg@gmail.com

 

Jessica Cedergren

Cedergren.jessica@gmail.com

 

Stefan Cedergren

johnsson.stefan@gmail.com

 

Roger Cederholm

roger.cederholm@inspiroconsulting.se

 

Eric Cederlund

ericcederlund@gmail.com

 

Peter Cerny

peter.v.cerny@gmail.com

 

John Cheung

john.ck.cheung@gmail.com

 

Tomas Chevalier

tomas.chevalier@gmail.com

 

Maria Christensen

march193@gmail.com

 

Mikael Christensen

christ@fy.chalmers.se

 

Anna-Lena Christiansen

annalenachristiansen@hotmail.com

 

Thorsten Christiansson

thorsten.christiansson@gmail.com

 

Daniel Claesson

daniel.claeson@ssab.com

 

Hakan Claesson

hakan.claesson@tele2.se

 

Tomas Claesson

tomas.claesson@telia.com

 

Thomas Clevstr6m

thomas_clevstrom@hotmail.com

 

Lars Cornéer

 

lars.corneer@gmail.com

 

 
 

Asa Bjérketun

asa.bjorketun@gmail.com

 

Staffan Bjorklid

staffan.bjorklid@musiker.nu

 

Andreas Bjorklund

andreas.bjorklund@saabgroup.com

 

Magnus Bjorklund

magnus.j.bjorklund@gmail.com

 

Svante Bjorklund

sb001@emailplus.org

 

Klas Bjérnevik

klas@bjornevik.se

 

Ingi Bjornsson

ingi.bjornsson@hotmail.com

 

Annica Black-Schaffer

annicambs@gmail.com

 

 

 

Ellen Blikstad ellen.blikstad@gmail.com
Jan-Olov Blix jo.blix@atcom.se
Lina Blom lina.blom@gmail.com

 

Anders Blomfeldt

anders@blomfeldt.nu

 

Tor Blommegard

tor.blommegard@gmail.com

 

Esbjérn Blomquist

esbblo@gmail.com

 

Karl Blomquist

karl.blomquist@ericsson.com

 

Ola Blomquist

ola.blomkvist@se.abb.com

 

Mattias Blomqvist

Mattias.Blomavist@gmail.com

 

Mikael Blomavist

mikael@blomoavist.org

 

Per Blysa

per.blysa@telia.com

 

Lisa Blackberg

lisa.blackberg@qmail.com

 

Fredrik Bodesund

fredrik.bodesund@gmail.com

 

Anders Bodin

1bodin@telia.com

 

Par Bohrarper

par@bohrarper.se

 

 

 

 

Hans Bolin hans.bohlin@aerotechtelub.se
Tomas Boman tomas.boman@bredband.net
Niklas Borg niklas.borg@delta.telenordia.se
Roger Borg tel.0702908200

 

Ann-Louise Borgdén

ann-louise.borgden@arcis.se

 

Curt Borgdén

curt.borgden@arcis.se

 

Camilla Borgelin

camilla.borgelin@home.se

 

Hakan Borgenstrand

borgenstrand@gmail.com

 

Petra Eva Marie Borgstedt

petra@borgstedt.se

 

Mattias Borgstr6m

mattias@borgstrom.org

 

Pedro Botella

pbotella@gmail.com

 

Johan Botvidzon

johan@botvidzon.se

 

Erika Boyenga Odlund

erika@odlund.se

 

Margareta Brandin

margareta@brandin.nu

 

Per Brandtzag

brandtzag@yahoo.com

 

Annika Bravert

annika.bravert@gmail.com

 

Johan Bredin

johan.andersson@combitechsystems.com

 

Per-Olof Brehmer

per-olof.brehmer@liu.se

 

Jonas Breisel

brajan21@gmail.com

 

Lars Bremsj6

lars.bremsjo@telia.se

 

Daniel Brengdahl

daniel.brengdahI@gmail.com

 

Hanna Brodin

hanna.brodin@gmail.com

 

Lars Broman

larsbr@hotmail.com

 

Patrik Broman

patrik.broman@tietoenator.com

 

Erik Broomé

erik.broome@gmail.com

 

Mattias Bruce

mattiasbruce@hotmail.com

 

Roderik Bruce

roderik.bruce@cern.ch

 

Jens Bruér

joruer@gmail.com

 

Jan Brugard

brugard@gmail.com

 

Anders Brun

andbr@imt.liu.se

 

 

 

Tomas Brundin

tomas@brundin.nu

 

PER LENNART BRUNE

per.brune@gmail.com

 

Nils BrannstrOm

 

nils.brannstrom@gmail.com

 

 
 

Bjorn Backman

bjorn.g.back@gmail.com

 

Daniel Backskar

daniel.backskar@linpro.se

 

Bjorn Bakken

bjorn.bakken@perimed.se

 

Ellinor Bankvall

ellinor_bankvall@yahoo.se

 

Gunnar Bark

gunnar.bark@ericsson.com

 

Karl-johan Barsk

karl_johan_b@hotmail.com

 

 

 

 

Elin Becker elin.becker@gmail.com
Richard Beckman richard.beckman@spray.se
Hans Beijner hans.beijner@telia.com
Per Beming per@beming.se

 

Fredrik Bengtsson

bengtsson.fredrik@gmail.com

 

Karl Bengtsson

karl.bengtson@gmail.com

 

Mikael Bengtsson

mikael79@gmail.com

 

Morgan Bengtsson

morbe047@student.liu.se

 

Niclas Bengtsson

niclasb@gmail.com

 

Ulf Bengtsson

ulf_japan@hotmail.com

 

Lisa Bengtzohn

perolisa@telia.com

 

Hakan Bennett Eriksson

hakan.eriksson@ericsson.com

 

Fredrik Benson

fredrik.benson@gmail.com

 

Amanda Berg

m.amanda.berg@gmail.com

 

Joakim Berg

jocke.berg@bredband.net

 

Martin Berg

martin@emilldev.com

 

Anders Bergdahl

anders.c.bergdahl@gmail.com

 

Eric Berggren

eric.berggren@bredband.net

 

Karl Berggren

berggren.karl@gmail.com

 

Patrik Berggren

patrik_t_berggren@hotmail.com

 

ULF BERGGREN

subscriptions@65n15e.se

 

Peter Bergin

petan679@hotmail.com

 

Johannes Bergkvist

johannes.bergkvist@gmail.com

 

Karl Bergkvist

karl.bergkvist@gmail.com

 

Lena Bergkvist

lena@bergkvistarna.se

 

Morgan Bergkvist

morgan@bergkvistarna.se

 

KARL JOHAN HENRIK BERGMAN

jorgmn@gmail.com

 

Peder Bergman

ped@ifm.liu.se

 

Jorgen Bergmark

y92jorbe@gmail.com

 

Jonas Bergqvist

jonbe895@student.liu.se

 

Bjorn Bergsten

Bergsten.Bjorn@gmail.com

 

Andreas Bergstrom

bergstrom.andreas@gmail.com

 

Johan Bergstrom

johanb@isy.liu.se

 

Johan Bergstr6m

johan.bergstrom@gmail.com

 

Lennart Bergstrom

lennart@bergstrom.tv

 

Marcia Bergstrom

marcia.k.bergstrom@gmail.com

 

Patrik Bergstrom

patrik.bergstrom@glocalnet.net

 

Hans-Olof Berlin

hans-olof@theberlins.net

 

Jonas Berlin

jonas@theberlins.org

 

Johan Bernspang

johan@bernspang.se

 

Sandra Beskow

sandra.falth@se.flextronics.com

 

Jan Betshammar

jan.betshammar@gmail.com

 

Sara Betshammar

sara.betshammar@se.abb.com

 

Victor Birath

victor.birath+alumni@gmail.com

 

 

Jonas Birgerson

jonas@birgerson.se

 

Anna Bjallmark

anna.bjalllmark@sth.kth.se

 

Jonas Bjarhusen

bjarhusen@hotmail.com

 

Erik Bjorhall

erik.bjorhall@systemverification.com

 

Curt Bjork

curtb@otenet.gr

 

Felix BjOrkeson

 

felixbjorkeson@gmail.com

 

 
 

Ida Andersson

idasmejl@gmail.com

 

JAN BIRGER ANDERSSON

jeliuaab@gmail.com

 

Jennie Andersson

jennie.anderzon@gmail.com

 

Jon Andersson

jonand@ifm.liu.se

 

Jonas Andersson

alumni@visualproductions.co.uk

 

Jonas Andersson

jonas.per.andersson@ericsson.com

 

Karl Andersson

andersson.karl@gmail.com

 

Karl-Goran Andersson

karl-goran.andersson@saabgroup.com

 

Karolina Andersson

anderssonkar@gmail.com

 

Lars Andersson

epklaga@gmail.com

 

Magnus Andersson

magnus.c.andersson@saabgroup.com

 

Marcus Andersson

marcus.andersson@outokumpu.com

 

Mathias Andersson

m@thias.se

 

Mikael Andersson

admin@ma6é63.net

 

Mikael Andersson

Mikael.L.Andersson@ericsson.com

 

Mikael Andersson

andersson.micke@gmail.com

 

Per Andersson

per.s.andersson@gmail.com

 

Per-Olof Andersson

per-olof.anderson@telia.com

 

Roger Andersson

roger.andersson@prevas.se

 

STAFFAN AKE ANDERSSON

andersson.staffan@telia.com

 

Stefan Andersson

stefan.h.andersson@gmail.com

 

Tobias Andersson

va85tobias@gmail.com

 

Tomas Andersson

 

Tommy Andersson

tommy@promiech.se

 

Ulf Andersson

013239686U@gmail.com

 

Ulrika Andersson

ullen@lysator.liu.se

 

Veronika Andersson

veronika.andersson@gmail.com

 

Christian Andersson Naesseth

chrna575@student.liu.se

 

Hakan Anderwall

hakan.anderwall@spray.se

 

Peter Andlid

Peter.Andlid@evidente.se

 

Peter Ankarson

peter.ankarson@sp.se

 

Micael Antestig

antestig@myran.se

 

Dan Antonsson

dan.antonsson@bahnhofbredband.se

 

 

 

 

Kristoffer Appelgren kristoffer.appelgren@gmail.com
Vassilios Arabatzis aravas@sch.gr

Bernt Arbegard bernt.arbegard@mail.com
Jenny Arkad jenar374@gqmail.com

 

Marten Armgarth

marten.armgarth@telia.com

 

Carl-Fredrik Arndt

carar492@student.liu.se

 

 

 

Fredrik Arneving fredde@lysator.liu.se
Roger Arnroth roger.arnroth@ifsworld.com
Mattias Arnsby arnsby@gmail.com

 

Par Arumskog

par.arumskog@gmail.com

 

Marcus Arvidsson

marar86@gmail.com

 

 

 

 

 

Per Askvid per.askvid@gmail.com
Ulrika Asplund ulrika.asplund@gmail.com
Adel Asseh adel@asseh.com

Magnus Astell magnus.astell@gmail.com
Emad Athari eathari@gmail.com

 

Goran Axelson

gaxelson51@gmail.com

 

Andreas Axelsson

andreas.axelsson@systemverification.com

 

Hakan Axelsson

hakan.axelsson@accenture.com

 

LENNART AXELSSON

lax@riskmgmt.se

 

Maria Axelsson

maria.c.axelsson@gmail.com

 

 

Patrik Axelsson

pata.axel@gmail.com

 

 

TOBIAS AXELSSON

 

tobias.axelssons@gmail.com

 

 
